{
  "fly": "231208_TNT_Fine_2_Videos_Tracked_arena6_corridor3",
  "event_id": 198,
  "frame": 11850,
  "ball_x": 70.0,
  "ball_y": 187.0,
  "thorax_x": 63.70295333862305,
  "thorax_y": 212.09620666503906,
  "head_x": 60.0093994140625,
  "head_y": 200.49366760253906,
  "abdomen_x": 79.88717651367188,
  "abdomen_y": 227.9290771484375,
  "lf_x": 60.6375732421875,
  "lf_y": 192.5870819091797,
  "lm_x": 83.24694061279297,
  "lm_y": 207.9204559326172,
  "lh_x": 84.28135681152344,
  "lh_y": 224.21786499023438,
  "rf_x": 68.0586166381836,
  "rf_y": 199.6526641845703,
  "rm_x": 83.24694061279297,
  "rm_y": 207.9204559326172,
  "rh_x": 84.28135681152344,
  "rh_y": 224.21786499023438
}